tradingitemid|companyname|city|state|isocountry3|webpage
2590254|Apartment Investment and Management Company|Denver|Colorado|USA|www.aimco.com
49031561|Discovery, Inc.|Silver Spring|Maryland|USA|corporate.discovery.com
2586086|Aflac Incorporated|Columbus|Georgia|USA|www.aflac.com
2586130|The AES Corporation|Arlington|Virginia|USA|www.aes.com
2586256|Warner Media, LLC|New York|New York|USA|www.warnermediagroup.com
2586533|Abbott Laboratories|North Chicago|Illinois|USA|www.abbott.com
2586597|Abiomed, Inc.|Danvers|Massachusetts|USA|www.abiomed.com
2586910|Acuity Brands, Inc.|Atlanta|Georgia|USA|www.acuitybrands.com
2587024|Adobe Inc.|San Jose|California|USA|www.adobe.com
2587089|Advance Auto Parts, Inc.|Raleigh|North Carolina|USA|www.advanceautoparts.com
2587303|Advanced Micro Devices, Inc.|Santa Clara|California|USA|www.amd.com
2587390|Aetna Inc.|Hartford|Connecticut|USA|www.aetna.com
2587400|Affiliated Managers Group, Inc.|West Palm Beach|Florida|USA|www.amg.com
2587460|Agilent Technologies, Inc.|Santa Clara|California|USA|www.agilent.com
2587580|Air Products and Chemicals, Inc.|Allentown|Pennsylvania|USA|www.airproducts.com
2587662|Akamai Technologies, Inc.|Cambridge|Massachusetts|USA|www.akamai.com
2587782|Alaska Air Group, Inc.|Seattle|Washington|USA|www.alaskaair.com
2587814|Albemarle Corporation|Charlotte|North Carolina|USA|www.albemarle.com
2587935|Alexandria Real Estate Equities, Inc.|Pasadena|California|USA|www.are.com
2587941|Alexion Pharmaceuticals, Inc.|Boston|Massachusetts|USA|www.alexion.com
2588003|Align Technology, Inc.|Tempe|Arizona|USA|www.aligntech.com
2588150|Alliance Data Systems Corporation|Columbus|Ohio|USA|www.alliancedata.com
2588182|Alliant Energy Corporation|Madison|Wisconsin|USA|www.alliantenergy.com
2588294|The Allstate Corporation|Northbrook|Illinois|USA|www.allstate.com
2588568|Amazon.com, Inc.|Seattle|Washington|USA|www.amazon.com
2588654|Ameren Corporation|Saint Louis|Missouri|USA|www.ameren.com
2588872|American Electric Power Company, Inc.|Columbus|Ohio|USA|www.aep.com
2588913|American Express Company|New York|New York|USA|www.americanexpress.com
2589073|American International Group, Inc.|New York|New York|USA|www.aig.com
2589547|AmerisourceBergen Corporation|Chesterbrook|Pennsylvania|USA|www.amerisourcebergen.com
2589719|AMETEK, Inc.|Berwyn|Pennsylvania|USA|www.ametek.com
2589769|Amgen Inc.|Thousand Oaks|California|USA|www.amgen.com
2589819|Amphenol Corporation|Wallingford|Connecticut|USA|www.amphenol.com
2589895|Anadarko Petroleum Corporation|The Woodlands|Texas|USA|www.anadarko.com
2589909|Analog Devices, Inc.|Norwood|Massachusetts|USA|www.analog.com
2590144|ANSYS, Inc.|Canonsburg|Pennsylvania|USA|www.ansys.com
2590254|Apartment Investment and Management Company|Denver|Colorado|USA|www.aimco.com
2590360|Apple Inc.|Cupertino|California|USA|www.apple.com
2590440|Applied Materials, Inc.|Santa Clara|California|USA|www.appliedmaterials.com
2631428|Monsanto Company|St. Louis|Missouri|USA|www.monsanto.com
2631520|Moody's Corporation|New York|New York|USA|www.moodys.com
2631609|Morgan Stanley|New York|New York|USA|www.morganstanley.com
2632409|NVR, Inc.|Reston|Virginia|USA|www.nvrinc.com
2632522|Nasdaq, Inc.|New York|New York|USA|www.nasdaq.com
2633241|Netflix, Inc.|Los Gatos|California|USA|www.netflix.com
42709729|NetApp, Inc.|Sunnyvale|California|USA|www.netapp.com
2633833|Newell Brands Inc.|Atlanta|Georgia|USA|www.newellbrands.com
2633835|Ovintiv Exploration Inc.|The Woodlands|Texas|USA|
2633880|Newmont Corporation|Denver|Colorado|USA|www.newmont.com
2634146|NIKE, Inc.|Beaverton|Oregon|USA|www.nike.com
2634188|NiSource Inc.|Merrillville|Indiana|USA|www.nisource.com
2634346|Nordstrom, Inc.|Seattle|Washington|USA|press.nordstrom.com
2634350|Norfolk Southern Corporation|Norfolk|Virginia|USA|www.norfolksouthern.com
2634674|Northern Trust Corporation|Chicago|Illinois|USA|www.northerntrust.com
2634721|Northrop Grumman Corporation|Falls Church|Virginia|USA|www.northropgrumman.com
2635042|Nucor Corporation|Charlotte|North Carolina|USA|www.nucor.com
2635154|NVIDIA Corporation|Santa Clara|California|USA|www.nvidia.com
2635350|Occidental Petroleum Corporation|Houston|Texas|USA|www.oxy.com
2635651|Old Dominion Freight Line, Inc.|Thomasville|North Carolina|USA|www.odfl.com
2635737|Omnicom Group Inc.|New York|New York|USA|www.omnicomgroup.com
2635922|ONEOK, Inc.|Tulsa|Oklahoma|USA|www.oneok.com
2636077|Oracle Corporation|Redwood City|California|USA|www.oracle.com
2636693|PG&E Corporation|San Francisco|California|USA|www.pgecorp.com
2636835|The PNC Financial Services Group, Inc.|Pittsburgh|Pennsylvania|USA|www.pnc.com
2636859|PPG Industries, Inc.|Pittsburgh|Pennsylvania|USA|www.ppg.com
2636867|PPL Corporation|Allentown|Pennsylvania|USA|www.pplweb.com
2637023|PACCAR Inc|Bellevue|Washington|USA|www.paccar.com
2637397|Packaging Corporation of America|Lake Forest|Illinois|USA|www.packagingcorp.com
2637852|Parker-Hannifin Corporation|Cleveland|Ohio|USA|www.parker.com
2638038|Paychex, Inc.|Rochester|New York|USA|www.paychex.com
2638536|PepsiCo, Inc.|Purchase|New York|USA|www.pepsico.com
2638616|PerkinElmer, Inc.|Waltham|Massachusetts|USA|www.perkinelmer.com
2638844|Pfizer Inc.|New York|New York|USA|www.pfizer.com
2638938|Altria Group, Inc.|Richmond|Virginia|USA|www.altria.com
2639259|Pinnacle West Capital Corporation|Phoenix|Arizona|USA|www.pinnaclewest.com
2639311|Pioneer Natural Resources Company|Irving|Texas|USA|www.pxd.com
2640048|Linde plc|Guildford|Surrey|GBR|www.linde.com
2640322|T. Rowe Price Group, Inc.|Baltimore|Maryland|USA|www.troweprice.com
2640332|Booking Holdings Inc.|Norwalk|Connecticut|USA|www.bookingholdings.com
2640490|Principal Financial Group, Inc.|Des Moines|Iowa|USA|www.principal.com
2640598|The Procter & Gamble Company|Cincinnati|Ohio|USA|www.pginvestor.com
2640716|The Progressive Corporation|Mayfield|Ohio|USA|www.progressive.com
2640949|Prudential Financial, Inc.|Newark|New Jersey|USA|www.prudential.com
2641055|Public Service Enterprise Group Incorporated|Newark|New Jersey|USA|www.pseg.com
2641077|Public Storage|Glendale|California|USA|www.publicstorage.com
2641195|PulteGroup, Inc.|Atlanta|Georgia|USA|www.pultegroup.com
2641396|QUALCOMM Incorporated|San Diego|California|USA|www.qualcomm.com
2641432|Quanta Services, Inc.|Houston|Texas|USA|www.quantaservices.com
2641541|Quest Diagnostics Incorporated|Secaucus|New Jersey|USA|www.questdiagnostics.com
2642117|Range Resources Corporation|Fort Worth|Texas|USA|www.rangeresources.com
2642205|Raymond James Financial, Inc.|St. Petersburg|Florida|USA|www.raymondjames.com
2642243|Raytheon Company|Waltham|Massachusetts|USA|
2642335|Realty Income Corporation|San Diego|California|USA|www.realtyincome.com
2642405|Red Hat, Inc.|Raleigh|North Carolina|USA|www.redhat.com
2642539|Regency Centers Corporation|Jacksonville|Florida|USA|www.regencycenters.com
2642551|Regeneron Pharmaceuticals, Inc.|Tarrytown|New York|USA|www.regeneron.com
2642679|CenterPoint Energy, Inc.|Houston|Texas|USA|www.centerpointenergy.com
2642876|Republic Services, Inc.|Phoenix|Arizona|USA|www.republicservices.com
2642943|ResMed Inc.|San Diego|California|USA|www.resmed.com
2643447|Robert Half International Inc.|Menlo Park|California|USA|www.roberthalf.com
2643533|Rockwell Automation, Inc.|Milwaukee|Wisconsin|USA|www.rockwellautomation.com
2643541|Collins Aerospace|West Palm Beach|Florida|USA|www.rockwellcollins.com
2643643|Rollins, Inc.|Atlanta|Georgia|USA|www.rollins.com
2643691|Roper Technologies, Inc.|Sarasota|Florida|USA|www.ropertech.com
2643725|Ross Stores, Inc.|Dublin|California|USA|www.rossstores.com
2649046|SCANA Corporation|Cayce|South Carolina|USA|www.scanaenergy.com
2649082|Henry Schein, Inc.|Melville|New York|USA|www.henryschein.com
2649128|The Charles Schwab Corporation|Westlake|Texas|USA|www.schwab.com
2649388|Sealed Air Corporation|Charlotte|North Carolina|USA|www.sealedair.com
2649679|Sempra Energy|San Diego|California|USA|www.sempra.com
2650116|The Sherwin-Williams Company|Cleveland|Ohio|USA|www.sherwin-williams.com
2650575|Simon Property Group, Inc.|Indianapolis|Indiana|USA|www.simon.com
2650809|Skyworks Solutions, Inc.|Irvine|California|USA|www.skyworksinc.com
104932249|A. O. Smith Corporation|Milwaukee|Wisconsin|USA|www.aosmith.com
2650979|The J. M. Smucker Company|Orrville|Ohio|USA|www.jmsmucker.com
2650995|Snap-on Incorporated|Kenosha|Wisconsin|USA|www.snapon.com
2651550|The Southern Company|Atlanta|Georgia|USA|www.southerncompany.com
2651692|Southwest Airlines Co.|Dallas|Texas|USA|www.southwest.com
2654325|Stanley Black & Decker, Inc.|New Britain|Connecticut|USA|www.stanleyblackanddecker.com
2654392|Starbucks Corporation|Seattle|Washington|USA|www.starbucks.com
2654494|State Street Corporation|Boston|Massachusetts|USA|www.statestreet.com
2654614|Stericycle, Inc.|Bannockburn|Illinois|USA|www.stericycle.com
2654974|Stryker Corporation|Kalamazoo|Michigan|USA|www.stryker.com
2655460|SunTrust Banks, Inc.|Atlanta|Georgia|USA|www.suntrust.com
2655828|NortonLifeLock Inc.|Tempe|Arizona|USA|www.nortonLifeLock.com
2655888|Synopsys, Inc.|Mountain View|California|USA|www.synopsys.com
2655963|Sysco Corporation|Houston|Texas|USA|www.sysco.com
2656191|The TJX Companies, Inc.|Framingham|Massachusetts|USA|www.tjx.com
2656511|Take-Two Interactive Software, Inc.|New York|New York|USA|www.take2games.com
2656646|Target Corporation|Minneapolis|Minnesota|USA|corporate.target.com
2657138|Teledyne Technologies Incorporated|Thousand Oaks|California|USA|www.teledyne.com
2657140|Teleflex Incorporated|Wayne|Pennsylvania|USA|www.teleflex.com
2657626|Texas Instruments Incorporated|Dallas|Texas|USA|www.ti.com
2657704|Textron Inc.|Providence|Rhode Island|USA|www.textron.com
2657778|Thermo Fisher Scientific Inc.|Waltham|Massachusetts|USA|www.thermofisher.com
2657992|3M Company|St. Paul|Minnesota|USA|www.3m.com
2658387|Globe Life Inc.|McKinney|Texas|USA|www.globelifeinsurance.com
2658541|Total System Services, Inc.|Columbus|Georgia|USA|www.tsys.com
2658773|Tractor Supply Company|Brentwood|Tennessee|USA|www.tractorsupply.com
2659921|Tyler Technologies, Inc.|Plano|Texas|USA|www.tylertech.com
2659929|Tyson Foods, Inc.|Springdale|Arkansas|USA|www.tysonfoods.com
2660059|U.S. Bancorp|Minneapolis|Minnesota|USA|www.usbank.com
2660547|Union Pacific Corporation|Omaha|Nebraska|USA|www.up.com
33225136|UDR, Inc.|Highlands Ranch|Colorado|USA|www.udr.com
2660877|United Parcel Service, Inc.|Atlanta|Georgia|USA|www.ups.com
2660893|United Rentals, Inc.|Stamford|Connecticut|USA|www.unitedrentals.com
2661035|Raytheon Technologies Corporation|Waltham|Massachusetts|USA|www.rtx.com
2661077|UnitedHealth Group Incorporated|Minnetonka|Minnesota|USA|www.unitedhealthgroup.com
2661198|Universal Health Services, Inc.|King of Prussia|Pennsylvania|USA|www.uhsinc.com
2661238|Unum Group|Chattanooga|Tennessee|USA|www.unum.com
2661440|V.F. Corporation|Greenwood Village|Colorado|USA|www.vfc.com
2661554|Valero Energy Corporation|San Antonio|Texas|USA|www.valero.com
2661962|Varian Medical Systems, Inc.|Palo Alto|California|USA|www.varian.com
2662091|Ventas, Inc.|Chicago|Illinois|USA|www.ventasreit.com
2662202|VeriSign, Inc.|Reston|Virginia|USA|www.verisign.com
2662209|Verizon Communications Inc.|New York|New York|USA|www.verizon.com
2662297|Vertex Pharmaceuticals Incorporated|Boston|Massachusetts|USA|www.vrtx.com
2663002|Vornado Realty Trust|New York|New York|USA|www.vno.com
2663030|Vulcan Materials Company|Birmingham|Alabama|USA|www.vulcanmaterials.com
2663176|Westinghouse Air Brake Technologies Corporation|Pittsburgh|Pennsylvania|USA|www.wabteccorp.com
2663222|Walmart Inc.|Bentonville|Arkansas|USA|www.stock.walmart.com
2663454|Waste Management, Inc.|Houston|Texas|USA|www.wm.com
2663488|Waters Corporation|Milford|Massachusetts|USA|www.waters.com
2663720|Wells Fargo & Company|San Francisco|California|USA|www.wellsfargo.com
2663879|West Pharmaceutical Services, Inc.|Exton|Pennsylvania|USA|www.westpharma.com
2664030|Western Digital Corporation|San Jose|California|USA|www.westerndigital.com
2664274|Weyerhaeuser Company|Seattle|Washington|USA|www.weyerhaeuser.com
2664300|Whirlpool Corporation|Benton Harbor|Michigan|USA|www.whirlpoolcorp.com
2664436|The Williams Companies, Inc.|Tulsa|Oklahoma|USA|www.williams.com
2665162|Xcel Energy Inc.|Minneapolis|Minnesota|USA|www.xcelenergy.com
2665190|Xilinx, Inc.|San Jose|California|USA|www.xilinx.com
2665480|Yum! Brands, Inc.|Louisville|Kentucky|USA|www.yum.com
2665575|Zebra Technologies Corporation|Lincolnshire|Illinois|USA|www.zebra.com
2590635|Archer-Daniels-Midland Company|Chicago|Illinois|USA|www.adm.com
2591545|Atmos Energy Corporation|Dallas|Texas|USA|www.atmosenergy.com
2591749|Autodesk, Inc.|San Rafael|California|USA|www.autodesk.com
2591803|Automatic Data Processing, Inc.|Roseland|New Jersey|USA|www.adp.com
2591829|AutoZone, Inc.|Memphis|Tennessee|USA|www.autozone.com
2591859|AvalonBay Communities, Inc.|Arlington|Virginia|USA|www.avalonbay.com
2591945|Avery Dennison Corporation|Glendale|California|USA|www.averydennison.com
2592140|Truist Financial Corporation|Charlotte|North Carolina|USA|www.truist.com
2592681|Ball Corporation|Westminster|Colorado|USA|www.ball.com
2592914|Bank of America Corporation|Charlotte|North Carolina|USA|www.bankofamerica.com
2593346|C. R. Bard, Inc.|Murray Hill|New Jersey|USA|www.crbard.com
2593695|Baxter International Inc.|Deerfield|Illinois|USA|www.baxter.com
2593888|Becton, Dickinson and Company|Franklin Lakes|New Jersey|USA|www.bd.com
2594023|Amcor Flexibles North America Inc.|Neenah|Wisconsin|USA|
2594140|W. R. Berkley Corporation|Greenwich|Connecticut|USA|www.berkley.com
2594158|Berkshire Hathaway Inc.|Omaha|Nebraska|USA|www.berkshirehathaway.com
2594192|Best Buy Co., Inc.|Richfield|Minnesota|USA|investors.bestbuy.com/investor-relations/overview/default.aspx
2594417|Bio-Rad Laboratories, Inc.|Hercules|California|USA|www.bio-rad.com
2594723|BlackRock, Inc.|New York|New York|USA|www.blackrock.com
2594884|The Boeing Company|Chicago|Illinois|USA|www.boeing.com
2595046|BorgWarner Inc.|Auburn Hills|Michigan|USA|www.borgwarner.com
2595162|Boston Properties, Inc.|Boston|Massachusetts|USA|www.bostonproperties.com
2595170|Boston Scientific Corporation|Marlborough|Massachusetts|USA|www.bostonscientific.com
2595573|Bristol-Myers Squibb Company|New York|New York|USA|www.bms.com
2595748|Brown-Forman Corporation|Louisville|Kentucky|USA|www.brown-forman.com
2596492|C.H. Robinson Worldwide, Inc.|Eden Prairie|Minnesota|USA|www.chrobinson.com
2596502|Cigna Corporation|Bloomfield|Connecticut|USA|www.cigna.com
2596570|CMS Energy Corporation|Jackson|Michigan|USA|www.cmsenergy.com
2596835|CSX Corporation|Jacksonville|Florida|USA|www.csx.com
2596903|CVS Health Corporation|Woonsocket|Rhode Island|USA|www.cvshealth.com
2597012|Cabot Oil & Gas Corporation|Houston|Texas|USA|www.cabotog.com
2597036|Cadence Design Systems, Inc.|San Jose|California|USA|www.cadence.com
2597397|Campbell Soup Company|Camden|New Jersey|USA|www.campbellsoupcompany.com
2597991|Capital One Financial Corporation|McLean|Virginia|USA|www.capitalone.com
2598155|Cardinal Health, Inc.|Dublin|Ohio|USA|www.cardinalhealth.com
2598323|Carnival Corporation & plc|Miami|Florida|USA|www.carnivalcorp.com
2598619|Caterpillar Inc.|Deerfield|Illinois|USA|www.caterpillar.com
2598787|Celgene Corporation|Summit|New Jersey|USA|www.celgene.com
7372383|Centene Corporation|St. Louis|Missouri|USA|www.centene.com
2599340|Cerner Corporation|North Kansas City|Missouri|USA|www.cerner.com
2599793|Chesapeake Energy Corporation|Oklahoma City|Oklahoma|USA|www.chk.com
2599839|Chevron Corporation|San Ramon|California|USA|www.chevron.com
2600403|Church & Dwight Co., Inc.|Ewing|New Jersey|USA|www.churchdwight.com
2600477|Cincinnati Financial Corporation|Fairfield|Ohio|USA|www.cinfin.com
2600582|Cisco Systems, Inc.|San Jose|California|USA|www.cisco.com
2600608|Cintas Corporation|Cincinnati|Ohio|USA|www.cintas.com
2600796|Citrix Systems, Inc.|Fort Lauderdale|Florida|USA|www.citrix.com
2601047|The Clorox Company|Oakland|California|USA|www.thecloroxcompany.com
2601201|The Coca-Cola Company|Atlanta|Georgia|USA|www.coca-colacompany.com
2601274|Cognizant Technology Solutions Corporation|Teaneck|New Jersey|USA|www.cognizant.com
2601341|Colgate-Palmolive Company|New York|New York|USA|www.colgatepalmolive.com
2601563|Comcast Corporation|Philadelphia|Pennsylvania|USA|corporate.comcast.com
2601589|Comerica Incorporated|Dallas|Texas|USA|www.comerica.com
2602239|Conagra Brands, Inc.|Chicago|Illinois|USA|www.conagrabrands.com
2602648|Consolidated Edison, Inc.|New York|New York|USA|www.conedison.com
2602822|Constellation Brands, Inc.|Victor|New York|USA|www.cbrands.com
2603093|The Cooper Companies, Inc.|San Ramon|California|USA|www.coopercos.com
2603117|Copart, Inc.|Dallas|Texas|USA|www.copart.com
2603263|Corning Incorporated|Corning|New York|USA|www.corning.com
2603626|Costco Wholesale Corporation|Issaquah|Washington|USA|www.costco.com
2604195|Cummins Inc.|Columbus|Indiana|USA|www.cummins.com
2604698|D.R. Horton, Inc.|Arlington|Texas|USA|www.drhorton.com
2604722|DTE Energy Company|Detroit|Michigan|USA|newlook.dteenergy.com
2604878|Danaher Corporation|Washington|District Of Columbia|USA|www.danaher.com
2604928|Darden Restaurants, Inc.|Orlando|Florida|USA|www.darden.com
2605123|DaVita Inc.|Denver|Colorado|USA|www.davita.com
2605336|Deere & Company|Moline|Illinois|USA|www.deere.com
2605788|Devon Energy Corporation|Oklahoma City|Oklahoma|USA|www.devonenergy.com
2606225|The Walt Disney Company|Burbank|California|USA|www.thewaltdisneycompany.com
41854195|Dollar Tree, Inc.|Chesapeake|Virginia|USA|www.dollartree.com
2606473|Dominion Energy, Inc.|Richmond|Virginia|USA|www.dominionenergy.com
2606599|Dover Corporation|Downers Grove|Illinois|USA|www.dovercorporation.com
2607489|Duke Realty Corporation|Indianapolis|Indiana|USA|www.dukerealty.com
2607936|EOG Resources, Inc.|Houston|Texas|USA|www.eogresources.com
2608300|Eastman Chemical Company|Kingsport|Tennessee|USA|www.eastman.com
2608344|eBay Inc.|San Jose|California|USA|www.ebayinc.com
40272951|DISH Network Corporation|Englewood|Colorado|USA|www.dish.com
2608411|Ecolab Inc.|Saint Paul|Minnesota|USA|www.ecolab.com
2608519|Edison International|Rosemead|California|USA|www.edison.com
2608553|Edwards Lifesciences Corporation|Irvine|California|USA|www.edwards.com
2609044|Emerson Electric Co.|Saint Louis|Missouri|USA|www.emerson.com
2609585|Entergy Corporation|New Orleans|Louisiana|USA|www.entergy.com
2609989|Equifax Inc.|Atlanta|Georgia|USA|www.equifax.com
52979343|EQT Corporation|Pittsburgh|Pennsylvania|USA|www.eqt.com
2610085|Equity Residential|Chicago|Illinois|USA|www.equityapartments.com
2610227|Essex Property Trust, Inc.|San Mateo|California|USA|www.essexapartmenthomes.com
2610551|Exelon Corporation|Chicago|Illinois|USA|www.exeloncorp.com
2610628|Expeditors International of Washington, Inc.|Seattle|Washington|USA|www.expeditors.com
2610695|Exxon Mobil Corporation|Irving|Texas|USA|corporate.exxonmobil.com
2610781|FLIR Systems, Inc.|Wilsonville|Oregon|USA|www.flir.com
2610791|FMC Corporation|Philadelphia|Pennsylvania|USA|www.fmc.com
2611182|Fastenal Company|Winona|Minnesota|USA|www.fastenal.com
2611292|Federal Realty Investment Trust|North Bethesda|Maryland|USA|www.federalrealty.com
34827088|Macy's, Inc.|New York|New York|USA|www.macysinc.com
2611328|FedEx Corporation|Memphis|Tennessee|USA|www.fedex.com
2611374|F5 Networks, Inc.|Seattle|Washington|USA|www.f5.com
2611490|Fifth Third Bancorp|Cincinnati|Ohio|USA|www.53.com
2612674|Fiserv, Inc.|Brookfield|Wisconsin|USA|www.fiserv.com
2612708|FirstEnergy Corp.|Akron|Ohio|USA|www.firstenergycorp.com
2613014|Fluor Corporation|Irving|Texas|USA|www.fluor.com
2613114|Foot Locker, Inc.|New York|New York|USA|www.footlocker-inc.com
2613214|Ford Motor Company|Dearborn|Michigan|USA|www.ford.com
2613576|Franklin Resources, Inc.|San Mateo|California|USA|www.franklinresources.com
2613632|Freeport-McMoRan Inc.|Phoenix|Arizona|USA|fcx.com
2614294|Arthur J. Gallagher & Co.|Rolling Meadows|Illinois|USA|www.ajg.com
2614358|The Gap, Inc.|San Francisco|California|USA|www.gapinc.com
2614404|Gartner, Inc.|Stamford|Connecticut|USA|www.gartner.com
2614630|General Dynamics Corporation|Reston|Virginia|USA|www.gd.com
2614632|General Electric Company|Boston|Massachusetts|USA|www.ge.com
2614666|General Mills, Inc.|Minneapolis|Minnesota|USA|www.generalmills.com
2614960|Genuine Parts Company|Atlanta|Georgia|USA|www.genpt.com
2615242|Gilead Sciences, Inc.|Foster City|California|USA|www.gilead.com
2615579|Global Payments Inc.|Atlanta|Georgia|USA|www.globalpaymentsinc.com
2615898|The Goldman Sachs Group, Inc.|New York|New York|USA|www.goldmansachs.com
2615990|The Goodyear Tire & Rubber Company|Akron|Ohio|USA|www.goodyear.com
2616073|W.W. Grainger, Inc.|Lake Forest|Illinois|USA|www.grainger.com
2617365|Halliburton Company|Houston|Texas|USA|www.halliburton.com
2617677|Harley-Davidson, Inc.|Milwaukee|Wisconsin|USA|www.harley-davidson.com
2617727|L3Harris Technologies, Inc.|Melbourne|Florida|USA|www.l3harris.com
2617773|The Hartford Financial Services Group, Inc.|Hartford|Connecticut|USA|www.thehartford.com
2617819|Hasbro, Inc.|Pawtucket|Rhode Island|USA|www.hasbro.com
36844550|Healthpeak Properties, Inc.|Denver|Colorado|USA|www.healthpeak.com
2618261|Helmerich & Payne, Inc.|Tulsa|Oklahoma|USA|www.hpinc.com
2618314|Jack Henry & Associates, Inc.|Monett|Missouri|USA|www.jackhenry.com
2618396|The Hershey Company|Hershey|Pennsylvania|USA|www.thehersheycompany.com
2618746|Hologic, Inc.|Marlborough|Massachusetts|USA|www.hologic.com
2618800|The Home Depot, Inc.|Atlanta|Georgia|USA|www.homedepot.com
2618950|Honeywell International Inc.|Charlotte|North Carolina|USA|www.honeywell.com
2619034|Hormel Foods Corporation|Austin|Minnesota|USA|www.hormelfoods.com
2619070|Host Hotels & Resorts, Inc.|Bethesda|Maryland|USA|www.hosthotels.com
2619295|Humana Inc.|Louisville|Kentucky|USA|www.humana.com
2619340|J.B. Hunt Transport Services, Inc.|Lowell|Arkansas|USA|www.jbhunt.com
2619378|Huntington Bancshares Incorporated|Columbus|Ohio|USA|www.huntington.com
2620068|IDEX Corporation|Northbrook|Illinois|USA|www.idexcorp.com
2620078|IDEXX Laboratories, Inc.|Westbrook|Maine|USA|www.idexx.com
2620170|Illinois Tool Works Inc.|Glenview|Illinois|USA|www.itw.com
2620172|Illumina, Inc.|San Diego|California|USA|www.illumina.com
2620499|Incyte Corporation|Wilmington|Delaware|USA|www.incyte.com
2620905|Nektar Therapeutics|San Francisco|California|USA|www.nektar.com
2621295|Intel Corporation|Santa Clara|California|USA|www.intel.com
2621697|International Business Machines Corporation|Armonk|New York|USA|www.ibm.com
2621779|International Flavors & Fragrances Inc.|New York|New York|USA|www.iff.com
2621951|International Paper Company|Memphis|Tennessee|USA|www.internationalpaper.com
2622146|The Interpublic Group of Companies, Inc.|New York|New York|USA|www.interpublic.com
2622316|Intuit Inc.|Mountain View|California|USA|www.intuit.com
2622326|Intuitive Surgical, Inc.|Sunnyvale|California|USA|www.intuitive.com
2622876|JPMorgan Chase & Co.|New York|New York|USA|www.jpmorganchase.com
2622922|Jacobs Engineering Group Inc.|Dallas|Texas|USA|www.jacobs.com
2623227|Johnson & Johnson|New Brunswick|New Jersey|USA|www.jnj.com
2623375|Juniper Networks, Inc.|Sunnyvale|California|USA|www.juniper.net
2623439|KLA Corporation|Milpitas|California|USA|www.kla.com
2623613|Kansas City Southern|Kansas City|Missouri|USA|www.kcsouthern.com
2623717|Kellogg Company|Battle Creek|Michigan|USA|www.kelloggcompany.com
2623912|KeyCorp|Cleveland|Ohio|USA|www.key.com
2624004|Kimberly-Clark Corporation|Dallas|Texas|USA|www.kimberly-clark.com
2624008|Kimco Realty Corporation|Jericho|New York|USA|www.kimcorealty.com
2624370|The Kroger Co.|Cincinnati|Ohio|USA|www.thekrogerco.com
2624698|Laboratory Corporation of America Holdings|Burlington|North Carolina|USA|www.labcorp.com
2625662|Lam Research Corporation|Fremont|California|USA|www.lamresearch.com
2625933|The Estée Lauder Companies Inc.|New York|New York|USA|www.elcompanies.com
2626140|Leggett & Platt, Incorporated|Carthage|Missouri|USA|www.leggett.com
2626233|Lennar Corporation|Miami|Florida|USA|www.lennar.com
2626277|Jefferies Financial Group Inc.|New York|New York|USA|www.jefferies.com
2626794|Eli Lilly and Company|Indianapolis|Indiana|USA|www.lilly.com
2626848|Lincoln National Corporation|Radnor|Pennsylvania|USA|www.lfg.com
2627050|Lockheed Martin Corporation|Bethesda|Maryland|USA|www.lockheedmartin.com
2627079|Loews Corporation|New York|New York|USA|www.loews.com
2627356|Lowe's Companies, Inc.|Mooresville|North Carolina|USA|www.lowes.com
2627536|M&T Bank Corporation|Buffalo|New York|USA|www.mtb.com
2627721|MGM Resorts International|Las Vegas|Nevada|USA|www.mgmresorts.com
2627939|The Macerich Company|Santa Monica|California|USA|www.macerich.com
2628431|Marathon Oil Corporation|Houston|Texas|USA|www.marathonoil.com
2628629|Marsh & McLennan Companies, Inc.|New York|New York|USA|www.mmc.com
2628645|Marriott International, Inc.|Bethesda|Maryland|USA|www.marriott.com
2628679|Martin Marietta Materials, Inc.|Raleigh|North Carolina|USA|www.martinmarietta.com
2628721|Masco Corporation|Livonia|Michigan|USA|masco.com
2628880|Mattel, Inc.|El Segundo|California|USA|www.mattel.com
2628920|Maxim Integrated Products, Inc.|San Jose|California|USA|www.maximintegrated.com
2629062|McCormick & Company, Incorporated|Hunt Valley|Maryland|USA|www.mccormickcorporation.com
2629084|McDonald's Corporation|Chicago|Illinois|USA|corporate.mcdonalds.com
2629128|McKesson Corporation|Irving|Texas|USA|www.mckesson.com
2629738|Merck & Co., Inc.|Kenilworth|New Jersey|USA|www.merck.com
2630181|MetLife, Inc.|New York|New York|USA|www.metlife.com
2630323|Mettler-Toledo International Inc.|Columbus|Ohio|USA|www.mt.com
2630413|Microsoft Corporation|Redmond|Washington|USA|www.microsoft.com
2630455|Microchip Technology Incorporated|Chandler|Arizona|USA|www.microchip.com
2630498|Micron Technology, Inc.|Boise|Idaho|USA|www.micron.com
2630544|Mid-America Apartment Communities, Inc.|Germantown|Tennessee|USA|www.maac.com
2631278|Mohawk Industries, Inc.|Calhoun|Georgia|USA|www.mohawkind.com
2665667|Zions Bancorporation, National Association|Salt Lake City|Utah|USA|www.zionsbancorporation.com
2666883|Royal Caribbean Group|Miami|Florida|USA|www.rclinvestor.com
2600566|CarMax, Inc.|Richmond|Virginia|USA|www.carmax.com
3182735|Cimarex Energy Co.|Denver|Colorado|USA|www.cimarex.com
3449506|Wynn Resorts, Limited|Las Vegas|Nevada|USA|www.wynnresorts.com
7727529|Biogen Inc.|Cambridge|Massachusetts|USA|www.biogen.com
7958855|NRG Energy, Inc.|Princeton|New Jersey|USA|www.nrg.com
8911582|Assurant, Inc.|New York|New York|USA|www.assurant.com
10458226|salesforce.com, inc.|San Francisco|California|USA|www.salesforce.com
10621103|Patterson Companies, Inc.|Saint Paul|Minnesota|USA|www.pattersoncompanies.com
10621105|Regions Financial Corporation|Birmingham|Alabama|USA|www.regions.com
10621110|WellCare Health Plans, Inc.|Tampa|Florida|USA|www.wellcare.com
10779524|Domino's Pizza, Inc.|Ann Arbor|Michigan|USA|www.dominos.com/index.intl.html
11211489|Extra Space Storage Inc.|Salt Lake City|Utah|USA|www.extraspace.com
12416964|Digital Realty Trust, Inc.|San Francisco|California|USA|www.digitalrealty.com
12498456|MarketAxess Holdings Inc.|New York|New York|USA|www.marketaxess.com
13061513|Las Vegas Sands Corp.|Las Vegas|Nevada|USA|www.sands.com
13679209|Celanese Corporation|Irving|Texas|USA|www.celanese.com
2649102|Schlumberger Limited|Houston|Texas|USA|www.slb.com
20476046|Molson Coors Beverage Company|Denver|Colorado|USA|www.molsoncoors.com
22036506|DexCom, Inc.|San Diego|California|USA|www.dexcom.com
22534033|SVB Financial Group|Santa Clara|California|USA|www.svb.com
23515113|CF Industries Holdings, Inc.|Deerfield|Illinois|USA|www.cfindustries.com
23895633|Ameriprise Financial, Inc.|Minneapolis|Minnesota|USA|www.ameriprise.com
27394538|Mastercard Incorporated|Purchase|New York|USA|www.mastercard.com
24862206|AT&T Inc.|Dallas|Texas|USA|www.att.com
24993622|ViacomCBS Inc.|New York|New York|USA|www.viacomcbs.com
25389977|Live Nation Entertainment, Inc.|Beverly Hills|California|USA|www.livenationentertainment.com
25664347|Chipotle Mexican Grill, Inc.|Newport Beach|California|USA|www.chipotle.com
25745176|Fidelity National Information Services, Inc.|Jacksonville|Florida|USA|www.fisglobal.com
25758143|CA, Inc.|New York|New York|USA|www.ca.com
26360168|TransDigm Group Incorporated|Cleveland|Ohio|USA|www.transdigm.com
27143925|Hess Corporation|New York|New York|USA|www.hess.com
28067782|Travel + Leisure Co.|Orlando|Florida|USA|www.travelandleisureco.com
28674540|Hanesbrands Inc.|Winston-Salem|North Carolina|USA|www.hanes.com
29198406|The Western Union Company|Denver|Colorado|USA|www.westernunion.com
30686653|IPG Photonics Corporation|Oxford|Massachusetts|USA|www.ipgphotonics.com
33345319|Broadridge Financial Solutions, Inc.|Lake Success|New York|USA|www.broadridge.com
33872802|People's United Financial, Inc.|Bridgeport|Connecticut|USA|www.peoples.com
34058542|Delta Air Lines, Inc.|Atlanta|Georgia|USA|www.delta.com
34969516|Discover Financial Services|Riverwoods|Illinois|USA|www.discover.com
35441592|The Bank of New York Mellon Corporation|New York|New York|USA|www.bnymellon.com
36789427|CME Group Inc.|Chicago|Illinois|USA|www.cmegroup.com
36842461|The Travelers Companies, Inc.|New York|New York|USA|www.travelers.com
38569142|Ulta Beauty, Inc.|Bolingbrook|Illinois|USA|www.ulta.com
39385806|Invesco Ltd.|Atlanta|Georgia|USA|www.invesco.com
42384826|Philip Morris International Inc.|New York|New York|USA|www.pmi.com
42484709|Visa Inc.|San Francisco|California|USA|usa.visa.com
43952457|American Water Works Company, Inc.|Camden|New Jersey|USA|www.amwater.com
44206722|Dr Pepper Snapple Group, Inc.|Plano|Texas|USA|www.drpeppersnapplegroup.com
45835910|Scripps Networks Interactive, Inc.|Knoxville|Tennessee|USA|
46639516|Activision Blizzard, Inc.|Santa Monica|California|USA|www.activisionblizzard.com
49031559|Discovery, Inc.|Silver Spring|Maryland|USA|corporate.discovery.com
54414165|Verisk Analytics, Inc.|Jersey City|New Jersey|USA|www.verisk.com
2638961|ConocoPhillips|Houston|Texas|USA|www.conocophillips.com
79599896|Dollar General Corporation|Goodlettsville|Tennessee|USA|www.dollargeneral.com
79720572|Fortinet, Inc.|Sunnyvale|California|USA|www.fortinet.com
2665846|Accenture plc|Dublin|Co. Dublin|IRL|www.accenture.com
2666036|Trane Technologies plc|Swords|Co. Dublin|IRL|www.tranetechnologies.com
2610835|NextEra Energy, Inc.|Juno Beach|Florida|USA|www.nexteraenergy.com
2665988|Garmin Ltd.|Schaffhausen|Schaffhausen|CHE|www.garmin.com
3809426|Seagate Technology plc|Dublin|Co. Dublin|IRL|www.seagate.com
38985681|MSCI Inc.|New York|New York|USA|www.msci.com
107990214|Cboe Global Markets, Inc.|Chicago|Illinois|USA|www.cboe.com
25664369|United Airlines Holdings, Inc.|Chicago|Illinois|USA|www.united.com
104594732|LyondellBasell Industries N.V.|Houston|Texas|USA|www.lyondellbasell.com
2636236|O'Reilly Automotive, Inc.|Springfield|Missouri|USA|www.oreillyauto.com
2631805|Motorola Solutions, Inc.|Chicago|Illinois|USA|www.motorolasolutions.com
34969541|TE Connectivity Ltd.|Schaffhausen|Schaffhausen|CHE|www.te.com
100667466|General Motors Company|Detroit|Michigan|USA|www.gm.com
116836102|First Republic Bank|San Francisco|California|USA|www.firstrepublic.com
117075824|FLEETCOR Technologies, Inc.|Atlanta|Georgia|USA|www.fleetcor.com
128844730|Huntington Ingalls Industries, Inc.|Newport News|Virginia|USA|www.huntingtoningalls.com
2600628|Citigroup Inc.|New York|New York|USA|www.citigroup.com
133184870|The Mosaic Company|Tampa|Florida|USA|www.mosaicco.com
133997359|Prologis, Inc.|San Francisco|California|USA|www.prologis.com
126940576|Kinder Morgan, Inc.|Houston|Texas|USA|www.kindermorgan.com
128219751|HCA Healthcare, Inc.|Nashville|Tennessee|USA|www.hcahealthcare.com
2618710|HollyFrontier Corporation|Dallas|Texas|USA|www.hollyfrontier.com
134721329|Marathon Petroleum Corporation|Findlay|Ohio|USA|www.marathonpetroleum.com
2638965|PVH Corp.|New York|New York|USA|www.pvh.com
2639667|Ralph Lauren Corporation|New York|New York|USA|www.ralphlauren.com
140621056|Fortune Brands Home & Security, Inc.|Deerfield|Illinois|USA|www.fbhs.com
10286451|CBRE Group, Inc.|Dallas|Texas|USA|www.cbre.com
141637207|Xylem Inc.|Rye Brook|New York|USA|www.xylem.com
24993638|Viacom Inc.|New York|New York|USA|www.viacom.com
2608773|Electronic Arts Inc.|Redwood City|California|USA|www.ea.com
144186892|TripAdvisor, Inc.|Needham|Massachusetts|USA|www.tripadvisor.com
23133968|Expedia Group, Inc.|Seattle|Washington|USA|www.expediagroup.com
212535503|American Tower Corporation (REIT)|Boston|Massachusetts|USA|www.americantower.com
2590230|Aon plc|Dublin|Co. Dublin|IRL|www.aon.com
2610646|Express Scripts Holding Company|Saint Louis|Missouri|USA|www.express-scripts.com
184401980|Phillips 66|Houston|Texas|USA|www.phillips66.com
7221455|LKQ Corporation|Chicago|Illinois|USA|www.lkqcorp.com
26591431|Duke Energy Corporation|Charlotte|North Carolina|USA|www.duke-energy.com
126910337|Facebook, Inc.|Menlo Park|California|USA|investor.fb.com
210039275|ServiceNow, Inc.|Santa Clara|California|USA|www.servicenow.com
2624336|Mondelez International, Inc.|Chicago|Illinois|USA|www.mondelezinternational.com
2608332|Eaton Corporation plc|Dublin|Co. Dublin|IRL|www.eaton.com
206901219|Diamondback Energy, Inc.|Midland|Texas|USA|www.diamondbackenergy.com
225079155|AbbVie Inc.|North Chicago|Illinois|USA|www.abbvie.com
225927512|Norwegian Cruise Line Holdings Ltd.|Miami|Florida|USA|www.nclhltd.com
240207244|T-Mobile US, Inc.|Bellevue|Washington|USA|www.t-mobile.com
226099795|Zoetis Inc.|Parsippany|New Jersey|USA|www.zoetis.com
12465726|TFCF Corporation|Burbank|California|USA|
241894833|News Corporation|New York|New York|USA|newscorp.com
144100713|Capri Holdings Limited|London|Greater London|GBR|www.capriholdings.com
241563566|CDW Corporation|Lincolnshire|Illinois|USA|www.cdw.com
29618826|Leidos Holdings, Inc.|Reston|Virginia|USA|www.leidos.com
249367583|Intercontinental Exchange, Inc.|Atlanta|Georgia|USA|www.intercontinentalexchange.com
2626802|L Brands, Inc.|Columbus|Ohio|USA|www.lb.com
251755445|Allegion plc|Dublin|Co. Dublin|IRL|www.allegion.com
252670109|American Airlines Group Inc.|Fort Worth|Texas|USA|www.aa.com
253172906|Perrigo Company plc|Dublin|Co. Dublin|IRL|www.perrigo.com
248245510|Twitter, Inc.|San Francisco|California|USA|www.twitter.com
262300822|Navient Corporation|Wilmington|Delaware|USA|www.navient.com
2638398|Pentair plc|London|Greater London|GBR|www.pentair.com
261319153|Paycom Software, Inc.|Oklahoma City|Oklahoma|USA|www.paycom.com
268941272|Synchrony Financial|Stamford|Connecticut|USA|www.synchrony.com
272548780|Keysight Technologies, Inc.|Santa Rosa|California|USA|www.keysight.com
12867396|Anthem, Inc.|Indianapolis|Indiana|USA|www.antheminc.com
279701362|Crown Castle International Corp. (REIT)|Houston|Texas|USA|www.crowncastle.com
271981530|Citizens Financial Group, Inc.|Providence|Rhode Island|USA|www.citizensbank.com
2663246|Walgreens Boots Alliance, Inc.|Deerfield|Illinois|USA|www.walgreensbootsalliance.com
280882256|Qorvo, Inc.|Greensboro|North Carolina|USA|www.qorvo.com
2622515|Iron Mountain Incorporated|Boston|Massachusetts|USA|www.ironmountain.com
282940499|Medtronic plc|Dublin|Co. Dublin|IRL|www.medtronic.com
283454304|Equinix, Inc. (REIT)|Redwood City|California|USA|www.equinix.com
2634583|Eversource Energy|Springfield|Massachusetts|USA|www.eversource.com
244652395|Allergan plc|Dublin|Co. Dublin|IRL|www.allergan.com
2617597|Monster Beverage Corporation|Corona|California|USA|www.monsterbevcorp.com
2665651|Zimmer Biomet Holdings, Inc.|Warsaw|Indiana|USA|www.zimmerbiomet.com
2664699|WEC Energy Group, Inc.|Milwaukee|Wisconsin|USA|www.wecenergygroup.com
304886085|WestRock Company|Atlanta|Georgia|USA|www.westrock.com
305755683|The Kraft Heinz Company|Pittsburgh|Pennsylvania|USA|www.kraftheinzcompany.com
306093931|PayPal Holdings, Inc.|San Jose|California|USA|www.paypal.com
303054012|Nielsen Holdings plc|New York|New York|USA|www.nielsen.com
12465727|TFCF Corporation|Burbank|California|USA|
241894832|News Corporation|New York|New York|USA|newscorp.com
261813712|Arista Networks, Inc.|Santa Clara|California|USA|www.arista.com
2618035|Welltower Inc.|Toledo|Ohio|USA|www.welltower.com
11311662|Alphabet Inc.|Mountain View|California|USA|www.abc.xyz
260152426|Alphabet Inc.|Mountain View|California|USA|www.abc.xyz
313064514|Hewlett Packard Enterprise Company|Houston|Texas|USA|www.hpe.com
2618412|HP Inc.|Palo Alto|California|USA|www8.hp.com
316754620|CSRA Inc.|Falls Church|Virginia|USA|www.csra.com
317560689|Willis Towers Watson Public Limited Company|London|Greater London|GBR|www.willistowerswatson.com
46875436|Chubb Limited|Zurich|Zurich|CHE|www.chubb.com/us-en
61793523|Broadcom Inc.|San Jose|California|USA|www.broadcom.com
2605587|DENTSPLY SIRONA Inc.|Charlotte|North Carolina|USA|www.dentsplysirona.com
2629108|S&P Global Inc.|New York|New York|USA|www.spglobal.com
415067761|Charter Communications, Inc.|Stamford|Connecticut|USA|corporate.charter.com
365525902|Fortive Corporation|Everett|Washington|USA|www.fortive.com
405201256|IHS Markit Ltd.|London|Greater London|GBR|www.ihsmarkit.com
372277281|Johnson Controls International plc|Cork|Co. Cork|IRL|www.johnsoncontrols.com
416368664|Howmet Aerospace Inc.|Pittsburgh|Pennsylvania|USA|www.howmet.com
407721464|Lamb Weston Holdings, Inc.|Eagle|Idaho|USA|www.lambweston.com
403901467|Envision Healthcare Corporation|Nashville|Tennessee|USA|www.evhc.net
24822135|Under Armour, Inc.|Baltimore|Maryland|USA|www.underarmour.com
328979974|Under Armour, Inc.|Baltimore|Maryland|USA|www.underarmour.com
413474314|L3 Technologies, Inc.|New York|New York|USA|www.l3t.com
252437074|Hilton Worldwide Holdings Inc.|McLean|Virginia|USA|www.hilton.com
2644209|SBA Communications Corporation|Boca Raton|Florida|USA|www.sbasite.com
115485825|Brookfield Property REIT Inc.|New York|New York|USA|www.bpy.brookfield.com
423654859|DXC Technology Company|Tysons|Virginia|USA|www.dxc.technology
2665260|Xerox Holdings Corporation|Norwalk|Connecticut|USA|www.xerox.com
433925520|Baker Hughes Company|Houston|Texas|USA|www.bakerhughes.com
2657553|Andeavor|San Antonio|Texas|USA|www.andeavor.com
410444414|Brighthouse Financial, Inc.|Charlotte|North Carolina|USA|www.brighthousefinancial.com
383332720|DuPont de Nemours, Inc.|Wilmington|Delaware|USA|www.dupont.com
2601079|Tapestry, Inc.|New York|New York|USA|www.tapestry.com
234816959|IQVIA Holdings Inc.|Danbury|Connecticut|USA|www.iqvia.com
142650454|Aptiv PLC|Dublin|Co. Dublin|IRL|www.aptiv.com
2640332|Booking Holdings Inc.|Norwalk|Connecticut|USA|www.bookingholdings.com
2618035|Welltower Inc.|Toledo|Ohio|USA|www.welltower.com
10286451|CBRE Group, Inc.|Dallas|Texas|USA|www.cbre.com
555183874|Broadcom Inc.|San Jose|California|USA|www.broadcom.com
555183874|Broadcom Inc.|San Jose|California|USA|www.broadcom.com
558575947|nVent Electric plc|London|Greater London|GBR|www.nvent.com
559799694|ChampionX Corporation|The Woodlands|Texas|USA|www.championx.com
2626277|Jefferies Financial Group Inc.|New York|New York|USA|www.jefferies.com
563365077|Perspecta Inc.|Chantilly|Virginia|USA|perspecta.com
569484256|Evergy, Inc.|Kansas City|Missouri|USA|www.evergyinc.com
580130619|Garrett Motion Inc.|Rolle|Vaud|CHE|www.garrettmotion.com
585333152|Resideo Technologies, Inc.|Austin|Texas|USA|www.resideo.com
530272885|Linde plc|Guildford|Surrey|GBR|www.linde.com
2594761|H&R Block, Inc.|Kansas City|Missouri|USA|www.hrblock.com
586093745|Cigna Corporation|Bloomfield|Connecticut|USA|www.cigna.com
2624252|Kohl's Corporation|Menomonee Falls|Wisconsin|USA|www.Kohls.com
144100713|Capri Holdings Limited|London|Greater London|GBR|www.capriholdings.com
597681677|Covetrus, Inc.|Portland|Maine|USA|www.covetrus.com
2657481|Teradyne, Inc.|North Reading|Massachusetts|USA|www.teradyne.com
2599302|Lumen Technologies, Inc.|Monroe|Louisiana|USA|www.lumen.com
604619421|Fox Corporation|New York|New York|USA|www.foxcorporation.com
240356503|Coty Inc.|New York|New York|USA|www.coty.com
604619420|Fox Corporation|New York|New York|USA|www.foxcorporation.com
12465726|TFCF Corporation|Burbank|California|USA|
12465727|TFCF Corporation|Burbank|California|USA|
283505869|STERIS plc|Dublin|Co. Dublin|IRL|www.steris.com
27261286|Pool Corporation|Covington|Louisiana|USA|www.poolcorp.com
598574539|Dow Inc.|Midland|Michigan|USA|www.dow.com
2608062|E*TRADE Financial, LLC|Arlington|Virginia|USA|about.etrade.com
2634240|Noble Energy, Inc.|Houston|Texas|USA|www.nblenergy.com
268941326|Catalent, Inc.|Somerset|New Jersey|USA|www.catalent.com
609811884|Kontoor Brands, Inc.|Greensboro|North Carolina|USA|www.kontoorbrands.com
290177442|Etsy, Inc.|Brooklyn|New York|USA|www.etsy.com
281970742|Viatris Inc.|Canonsburg|Pennsylvania|USA|www.viatris.com
588604057|Corteva, Inc.|Wilmington|Delaware|USA|www.corteva.com
678367691|Viatris Inc.|Canonsburg|Pennsylvania|USA|www.viatris.com
108803915|Tesla, Inc.|Palo Alto|California|USA|www.tesla.com
2590254|Apartment Investment and Management Company|Denver|Colorado|USA|www.aimco.com
383332720|DuPont de Nemours, Inc.|Wilmington|Delaware|USA|www.dupont.com
2632795|NOV Inc.|Houston|Texas|USA|www.nov.com
606341230|Amcor plc|Zurich|Zurich|CHE|www.amcor.com
2632795|NOV Inc.|Houston|Texas|USA|www.nov.com
2658066|Tiffany & Co.|New York|New York|USA|www.tiffany.com
2617727|L3Harris Technologies, Inc.|Melbourne|Florida|USA|www.l3harris.com
2658387|Globe Life Inc.|McKinney|Texas|USA|www.globelifeinsurance.com
433925520|Baker Hughes Company|Houston|Texas|USA|www.bakerhughes.com
36844550|Healthpeak Properties, Inc.|Denver|Colorado|USA|www.healthpeak.com
2655828|NortonLifeLock Inc.|Tempe|Arizona|USA|www.nortonLifeLock.com
24993622|ViacomCBS Inc.|New York|New York|USA|www.viacomcbs.com
2592140|Truist Financial Corporation|Charlotte|North Carolina|USA|www.truist.com
2622922|Jacobs Engineering Group Inc.|Dallas|Texas|USA|www.jacobs.com
429940161|Ingersoll Rand Inc.|Davidson|North Carolina|USA|www.irco.com
696191229|Apartment Income REIT Corp.|Denver|Colorado|USA|www.aircommunities.com
2644395|SL Green Realty Corp.|New York|New York|USA|www.slgreen.com
2659449|Trimble Inc.|Sunnyvale|California|USA|www.trimble.com
2666036|Trane Technologies plc|Swords|Co. Dublin|IRL|www.tranetechnologies.com
2590230|Aon plc|Dublin|Co. Dublin|IRL|www.aon.com
653974497|Arconic Corporation|Pittsburgh|Pennsylvania|USA|www.arconic.com
36101566|Concho Resources Inc.|Midland|Texas|USA|www.concho.com
2590238|APA Corporation|Houston|Texas|USA|apacorp.com
141055809|Enphase Energy, Inc.|Fremont|California|USA|www.enphase.com
2599302|Lumen Technologies, Inc.|Monroe|Louisiana|USA|www.lumen.com
2599302|Lumen Technologies, Inc.|Monroe|Louisiana|USA|www.lumen.com
12719125|Monolithic Power Systems, Inc.|Kirkland|Washington|USA|www.monolithicpower.com
416368664|Howmet Aerospace Inc.|Pittsburgh|Pennsylvania|USA|www.howmet.com
2661035|Raytheon Technologies Corporation|Waltham|Massachusetts|USA|www.rtx.com
658545221|Otis Worldwide Corporation|Farmington|Connecticut|USA|www.otis.com
413835550|TechnipFMC plc|London|Greater London|GBR|www.technipfmc.com
2613026|Flowserve Corporation|Irving|Texas|USA|www.flowserve.com
2638268|Penn National Gaming, Inc.|Wyomissing|Pennsylvania|USA|www.pngaming.com
706171023|APA Corporation|Houston|Texas|USA|apacorp.com
658545324|Carrier Global Corporation|Palm Beach Gardens|Florida|USA|www.corporate.carrier.com
83105693|Generac Holdings Inc.|Waukesha|Wisconsin|USA|www.generac.com
610592433|Xerox Holdings Corporation|Norwalk|Connecticut|USA|www.xerox.com
111574674|NXP Semiconductors N.V.|Eindhoven|Noord-Brabant|NLD|www.nxp.com
677853450|Caesars Entertainment, Inc.|Reno|Nevada|USA|www.caesars.com
655281336|Vontier Corporation|Raleigh|North Carolina|USA|www.vontier.com
2644395|SL Green Realty Corp.|New York|New York|USA|www.slgreen.com
